layer,nmi_score
0,0.40214056750524174
1,0.3487390290302249
2,0.2794275838915906
3,0.2668433731042404
4,0.2054941452199347
5,0.16412584997580454
6,0.13000084460835631
7,0.09528275322890042
8,0.06965207095016687
9,0.06791312751567474
10,0.04413967858374295
11,0.04439588803555652
12,0.12308662036241881
